{
  "version": "0.2",
  "language": "pt",
  "words": [
    "genai",
    "sparticuz",
    "xenova",
    "chromadb",
    "Processo",
    "Detalhe",
  "Vercel",
  "PJe",
  "Gemini",
  "DataJud",
  "DJEN",
  "ChromaDB",
  "Puppeteer",
  "Chromium",
  "DLQ",
  "nextDue",
  "requeue",
  "payloads",
  "verify:copilot",
  "Dependabot",
  "js-yaml",
  "esbuild"
  ],
  "dictionaries": ["pt-br"],
  "dictionaryDefinitions": [
    {
      "name": "pt-br",
      "path": "./node_modules/cspell-dict-pt-br/index.js"
    }
  ],
  "ignorePaths": [
    "**/VERIFICACAO_*",
    "**/ANALISE_*",
    "node_modules",
    "dist",
    "build",
    ".next"
  ]
}
